{
  "row": 2316,
  "cost_bps": 10.0,
  "initial_equity": 1.0,
  "final_equity": 4.724612200859092,
  "CAGR": 0.18406795999378645,
  "Sharpe": 1.5237790997302998,
  "MaxDrawdown": -0.10672823686092969,
  "HitRate": 0.19343696027633853,
  "NumTradesApprox": 112,
  "NumTrades": 19,
  "EquityColumn": "equity",
  "EquityStart": 1.0,
  "EquityEnd": 4.72,
  "EquityMultiple": 4.724612200859092,
  "BuyHoldMultiple": 10.813633927594282,
  "BuyHoldMaxDrawdown": -38.52
}