{
  "row": 2316,
  "cost_bps": 10.0,
  "initial_equity": 1.0,
  "final_equity": 7.36416773940099,
  "CAGR": 0.2426540629721896,
  "Sharpe": 1.4332740376286008,
  "MaxDrawdown": -0.14391434408530135,
  "HitRate": 0.17271157167530224,
  "NumTradesApprox": 228,
  "NumTrades": 13,
  "EquityColumn": "equity",
  "EquityStart": 1.0,
  "EquityEnd": 7.36,
  "EquityMultiple": 7.36416773940099,
  "BuyHoldMultiple": 91.90322059373473,
  "BuyHoldMaxDrawdown": -66.34
}