{
  "row": 2316,
  "cost_bps": 10.0,
  "initial_equity": 1.0,
  "final_equity": 7.364177170954336,
  "CAGR": 0.2426542361417423,
  "Sharpe": 1.4332753185249731,
  "MaxDrawdown": -0.14391417777878646,
  "HitRate": 0.17271157167530224,
  "NumTradesApprox": 228,
  "NumTrades": 13,
  "EquityColumn": "equity",
  "EquityStart": 1.0,
  "EquityEnd": 7.36,
  "EquityMultiple": 7.364177170954336,
  "BuyHoldMultiple": 91.79623274570547,
  "BuyHoldMaxDrawdown": -66.34
}